epoch,time,train/box_loss,train/pose_loss,train/kobj_loss,train/cls_loss,train/dfl_loss,metrics/precision(B),metrics/recall(B),metrics/mAP50(B),metrics/mAP50-95(B),metrics/precision(P),metrics/recall(P),metrics/mAP50(P),metrics/mAP50-95(P),val/box_loss,val/pose_loss,val/kobj_loss,val/cls_loss,val/dfl_loss,lr/pg0,lr/pg1,lr/pg2
1,22.3368,1.01588,3.69454,0.69757,1.16528,1.3222,0.99981,1,0.995,0.86864,0.98342,0.98361,0.97995,0.92341,0.5366,0.46456,0.54418,0.33172,0.95208,0.0703896,0.00329004,0.00329004
2,43.7536,0.61466,0.57082,0.54008,0.39243,1.03315,0.99966,1,0.995,0.86218,0.98327,0.98361,0.98073,0.97215,0.63102,0.27947,0.26877,0.298,0.9839,0.0403678,0.00660152,0.00660152
3,64.3237,0.64976,0.46095,0.36699,0.42435,1.04049,0.99315,1,0.995,0.9123,0.97687,0.98361,0.97703,0.93892,0.43708,0.37088,0.0448,0.37022,0.87838,0.0103239,0.009891,0.009891
4,85.1701,0.6883,0.41362,0.24617,0.45427,1.05077,0.99381,1,0.99497,0.88441,0.97816,0.98361,0.98196,0.97719,0.53438,0.27513,0.03065,0.36044,0.93763,0.009901,0.009901,0.009901
5,105.88,0.64084,0.31285,0.16923,0.41711,1.03426,0.99962,1,0.995,0.89074,0.9934,0.98638,0.9845,0.97878,0.50739,0.29139,0.02008,0.32235,0.90899,0.009868,0.009868,0.009868
6,126.659,0.62797,0.28994,0.14205,0.40538,1.0314,0.99881,0.99672,0.995,0.92602,0.98659,0.98361,0.98347,0.98342,0.39925,0.18625,0.01144,0.32501,0.86711,0.009835,0.009835,0.009835
7,147.263,0.60993,0.27902,0.12063,0.39259,1.02191,0.99971,1,0.995,0.91875,0.98713,0.98689,0.98117,0.97978,0.4298,0.20774,0.011,0.29214,0.86992,0.009802,0.009802,0.009802
8,168.108,0.59969,0.27851,0.11803,0.38475,1.01375,0.99977,1,0.995,0.8744,0.98994,0.99016,0.98864,0.98358,0.52069,0.15398,0.01022,0.32,0.9161,0.009769,0.009769,0.009769
9,189.335,0.58939,0.23194,0.10125,0.37271,1.01102,0.99935,1,0.995,0.89789,0.98945,0.98361,0.98987,0.9839,0.49328,0.17565,0.01876,0.25151,0.89266,0.009736,0.009736,0.009736
10,210.826,0.57871,0.22645,0.10007,0.36658,1.00332,0.99978,1,0.995,0.91616,0.98339,0.98361,0.97925,0.9792,0.39573,0.15851,0.01229,0.24485,0.86379,0.009703,0.009703,0.009703
11,231.807,0.55389,0.20651,0.0909,0.35651,0.99896,0.99968,1,0.995,0.87844,0.99312,0.99344,0.99066,0.95208,0.57028,0.31714,0.118,0.29087,0.94478,0.00967,0.00967,0.00967
12,253.342,0.54282,0.23583,0.09768,0.35108,0.99374,0.99899,1,0.995,0.89173,0.98916,0.99016,0.99012,0.98096,0.53739,0.14335,0.0077,0.27184,0.91371,0.009637,0.009637,0.009637
13,274.245,0.52978,0.19826,0.08696,0.34405,0.9894,0.99974,1,0.995,0.93332,0.99319,0.99344,0.9938,0.99044,0.35844,0.1137,0.01685,0.22135,0.8516,0.009604,0.009604,0.009604
14,295.027,0.52656,0.19375,0.09296,0.33903,0.98785,0.99974,1,0.995,0.94045,0.9899,0.99016,0.98788,0.98282,0.3464,0.14624,0.02005,0.21265,0.84859,0.009571,0.009571,0.009571
15,316.355,0.51314,0.21103,0.09615,0.3307,0.9905,0.99836,0.99672,0.995,0.94054,0.98851,0.98689,0.99341,0.9879,0.35653,0.16514,0.02386,0.25968,0.85316,0.009538,0.009538,0.009538
16,335.854,0.49971,0.1766,0.08578,0.32981,0.98269,0.99977,1,0.995,0.94954,0.98927,0.98689,0.98745,0.98676,0.32353,0.16322,0.00915,0.20935,0.84177,0.009505,0.009505,0.009505
17,357.045,0.49569,0.18943,0.07817,0.32331,0.97709,0.99977,1,0.995,0.94028,0.98993,0.99016,0.99192,0.98882,0.35533,0.13114,0.01088,0.19751,0.84957,0.009472,0.009472,0.009472
18,377.717,0.48479,0.19035,0.08624,0.31701,0.97053,0.99981,1,0.995,0.94642,0.98998,0.99016,0.99396,0.98841,0.33199,0.21842,0.00502,0.20208,0.84289,0.009439,0.009439,0.009439
19,397.447,0.46947,0.19134,0.08225,0.31237,0.96914,0.99959,1,0.995,0.95196,0.99303,0.99344,0.99245,0.98878,0.32392,0.12063,0.01658,0.2057,0.84061,0.009406,0.009406,0.009406
20,418.915,0.46883,0.16629,0.07766,0.30739,0.96699,0.99978,1,0.995,0.96326,0.99323,0.99344,0.99274,0.99071,0.29589,0.10357,0.00697,0.18812,0.83648,0.009373,0.009373,0.009373
21,440.024,0.4583,0.16082,0.07967,0.30802,0.95639,0.99975,1,0.995,0.9694,0.9932,0.99344,0.99087,0.98922,0.27361,0.0998,0.00517,0.18957,0.82794,0.00934,0.00934,0.00934
22,459.848,0.44821,0.16122,0.07616,0.29964,0.95628,0.99969,1,0.995,0.95662,0.98658,0.98689,0.98498,0.98293,0.33796,0.14305,0.00919,0.19918,0.84664,0.009307,0.009307,0.009307
23,481.09,0.45058,0.15796,0.07625,0.29996,0.95841,0.99978,1,0.995,0.96902,0.99322,0.99344,0.99325,0.99175,0.29062,0.12014,0.0065,0.19009,0.8364,0.009274,0.009274,0.009274
24,502.184,0.44031,0.16002,0.07953,0.29278,0.95296,0.99926,1,0.995,0.97614,0.99271,0.99344,0.99246,0.99061,0.27513,0.11512,0.00642,0.20426,0.82972,0.009241,0.009241,0.009241
25,522.063,0.43244,0.15549,0.07539,0.28808,0.9504,0.99941,1,0.995,0.97771,0.99286,0.99344,0.99243,0.98847,0.26321,0.10274,0.00322,0.18949,0.82294,0.009208,0.009208,0.009208
26,543.627,0.42436,0.13643,0.06696,0.28278,0.94958,0.99982,1,0.995,0.97282,0.99326,0.99344,0.99152,0.98867,0.27018,0.10959,0.00864,0.16926,0.82861,0.009175,0.009175,0.009175
27,564.711,0.41721,0.13759,0.07022,0.28237,0.95254,0.99981,1,0.995,0.96008,0.99326,0.99344,0.9905,0.98908,0.31442,0.08888,0.02179,0.17747,0.83873,0.009142,0.009142,0.009142
28,585.299,0.41786,0.13608,0.06947,0.28156,0.95183,0.99982,1,0.995,0.95859,0.98998,0.99016,0.98826,0.987,0.29585,0.10138,0.00621,0.16946,0.8344,0.009109,0.009109,0.009109
29,606.436,0.40675,0.13992,0.07396,0.27341,0.94278,0.99981,1,0.995,0.98363,0.99325,0.99344,0.99187,0.99052,0.263,0.0943,0.0068,0.18039,0.82411,0.009076,0.009076,0.009076
30,627.604,0.41691,0.1471,0.0695,0.27933,0.94905,0.99979,1,0.995,0.95019,0.99323,0.99344,0.99313,0.99186,0.33484,0.1014,0.01434,0.18905,0.83684,0.009043,0.009043,0.009043
31,648.222,0.40339,0.14187,0.07529,0.27118,0.94035,0.99976,1,0.995,0.98746,0.99321,0.99344,0.99085,0.99028,0.21944,0.08834,0.00715,0.15243,0.81531,0.00901,0.00901,0.00901
32,669.016,0.40229,0.11437,0.05806,0.27063,0.94368,0.99981,1,0.995,0.97947,0.99325,0.99344,0.99279,0.98552,0.25868,0.09977,0.00896,0.16866,0.8282,0.008977,0.008977,0.008977
33,690.328,0.39588,0.12054,0.07015,0.26919,0.94371,0.99979,1,0.995,0.98212,0.99323,0.99344,0.9924,0.98567,0.24649,0.10227,0.00859,0.17898,0.8246,0.008944,0.008944,0.008944
34,711.108,0.39616,0.14475,0.06835,0.26866,0.94401,0.99981,1,0.995,0.9874,0.99325,0.99344,0.99351,0.98765,0.2197,0.09487,0.0106,0.16179,0.81729,0.008911,0.008911,0.008911
35,732.265,0.39608,0.11829,0.06253,0.26549,0.94545,0.99976,1,0.995,0.99008,0.9932,0.99344,0.99232,0.99136,0.2314,0.09536,0.04675,0.15985,0.81946,0.008878,0.008878,0.008878
36,753.585,0.38387,0.13226,0.07106,0.26272,0.93953,0.99978,1,0.995,0.96975,0.99323,0.99344,0.98864,0.98812,0.27163,0.09376,0.00559,0.18039,0.82488,0.008845,0.008845,0.008845
37,774.545,0.39091,0.1133,0.06254,0.26481,0.94122,0.99982,1,0.995,0.97246,0.99326,0.99344,0.98995,0.98395,0.27459,0.09175,0.01074,0.16809,0.82706,0.008812,0.008812,0.008812
38,795.599,0.37899,0.12669,0.06847,0.2581,0.93751,0.9998,1,0.995,0.98363,0.99324,0.99344,0.99176,0.99095,0.25321,0.09057,0.00472,0.16678,0.82304,0.008779,0.008779,0.008779
39,816.253,0.37288,0.12956,0.06141,0.2603,0.93956,0.99981,1,0.995,0.98496,0.99326,0.99344,0.994,0.99342,0.24438,0.09194,0.03218,0.17005,0.82127,0.008746,0.008746,0.008746
40,837.22,0.37894,0.11184,0.06571,0.25918,0.93319,0.99982,1,0.995,0.9907,0.99326,0.99344,0.99311,0.99311,0.20987,0.08515,0.01339,0.14786,0.81335,0.008713,0.008713,0.008713
41,857.914,0.36758,0.11927,0.06276,0.25161,0.9308,0.99982,1,0.995,0.98566,0.99326,0.99344,0.99164,0.99086,0.23669,0.08674,0.01797,0.17228,0.82009,0.00868,0.00868,0.00868
42,878.839,0.37446,0.12625,0.0616,0.25523,0.9385,0.99981,1,0.995,0.993,0.99325,0.99344,0.99373,0.99336,0.21391,0.08174,0.00856,0.15539,0.81288,0.008647,0.008647,0.008647
43,899.77,0.36746,0.11401,0.06084,0.2552,0.93619,0.9997,1,0.995,0.98345,0.99315,0.99344,0.98962,0.9867,0.2541,0.09055,0.01713,0.17822,0.82345,0.008614,0.008614,0.008614
44,920.584,0.36167,0.09566,0.06353,0.24763,0.93132,0.9998,1,0.995,0.98858,0.99325,0.99344,0.99366,0.99311,0.21646,0.07942,0.00519,0.16081,0.81481,0.008581,0.008581,0.008581
45,941.038,0.35803,0.11016,0.06269,0.24788,0.93354,0.99982,1,0.995,0.98211,0.99326,0.99344,0.99223,0.99187,0.25347,0.08093,0.0176,0.16678,0.82264,0.008548,0.008548,0.008548
46,962.146,0.35863,0.10232,0.06275,0.24509,0.93014,0.99981,1,0.995,0.9748,0.99325,0.99344,0.99423,0.9937,0.21645,0.08312,0.01339,0.15532,0.8147,0.008515,0.008515,0.008515
47,982.939,0.35536,0.09679,0.06181,0.24435,0.93615,0.99982,1,0.995,0.99004,0.99326,0.99344,0.98897,0.98897,0.2354,0.07754,0.00734,0.16545,0.81747,0.008482,0.008482,0.008482
48,1004,0.35526,0.11087,0.0552,0.24181,0.93215,0.99981,1,0.995,0.991,0.99326,0.99344,0.99127,0.99127,0.21702,0.08843,0.00398,0.15674,0.81273,0.008449,0.008449,0.008449
49,1024.9,0.35009,0.11127,0.06454,0.24261,0.93052,0.99981,1,0.995,0.99279,0.99325,0.99344,0.98996,0.98996,0.19439,0.08087,0.00809,0.15426,0.81086,0.008416,0.008416,0.008416
50,1032.01,0.35271,0.09916,0.05484,0.24172,0.93352,0.99981,1,0.995,0.99161,0.99325,0.99344,0.99195,0.99142,0.21291,0.08059,0.00521,0.1535,0.81262,0.008383,0.008383,0.008383
51,1038,0.34457,0.10568,0.06027,0.23916,0.92894,0.99979,1,0.995,0.98337,0.99324,0.99344,0.99362,0.99362,0.23053,0.08541,0.01495,0.15453,0.81633,0.00835,0.00835,0.00835
52,1044.07,0.35272,0.10002,0.0534,0.24223,0.93108,0.99978,1,0.995,0.99296,0.99322,0.99344,0.99207,0.99206,0.19966,0.07852,0.01843,0.14977,0.81052,0.008317,0.008317,0.008317
53,1050.04,0.33895,0.09461,0.05775,0.23794,0.92888,0.99982,1,0.995,0.99478,0.99326,0.99344,0.98975,0.98966,0.19937,0.08683,0.0061,0.14812,0.81067,0.008284,0.008284,0.008284
54,1056.02,0.34238,0.10371,0.06157,0.23644,0.93175,0.99909,1,0.995,0.99179,0.99254,0.99344,0.99165,0.99011,0.22377,0.09019,0.01386,0.1484,0.81737,0.008251,0.008251,0.008251
55,1061.99,0.34587,0.10147,0.05502,0.23795,0.92884,0.99982,1,0.995,0.99191,0.99326,0.99344,0.99343,0.99343,0.20248,0.08117,0.00766,0.14015,0.81157,0.008218,0.008218,0.008218
56,1068.18,0.34408,0.08655,0.05812,0.23263,0.92702,0.99982,1,0.995,0.99397,0.99326,0.99344,0.99083,0.9904,0.19575,0.08313,0.00473,0.152,0.80951,0.008185,0.008185,0.008185
57,1074.22,0.33617,0.0959,0.05958,0.23481,0.93039,0.99966,1,0.995,0.99369,0.9931,0.99344,0.99131,0.9907,0.18465,0.08339,0.00622,0.14273,0.80921,0.008152,0.008152,0.008152
58,1080.32,0.33251,0.10538,0.05556,0.23095,0.92753,0.99981,1,0.995,0.99148,0.99326,0.99344,0.9944,0.9939,0.2099,0.08195,0.00689,0.14142,0.81129,0.008119,0.008119,0.008119
59,1086.3,0.332,0.0979,0.04891,0.22958,0.92617,0.99982,1,0.995,0.97809,0.99326,0.99344,0.99272,0.99225,0.23667,0.07831,0.00633,0.16011,0.8178,0.008086,0.008086,0.008086
60,1092.44,0.32509,0.10243,0.05454,0.22563,0.9222,0.99981,1,0.995,0.98456,0.99325,0.99344,0.99283,0.99283,0.20001,0.08056,0.00997,0.14081,0.81097,0.008053,0.008053,0.008053
61,1098.63,0.33268,0.09485,0.05707,0.23313,0.92699,0.99982,1,0.995,0.99453,0.99326,0.99344,0.99346,0.99305,0.18719,0.07727,0.01799,0.1374,0.80881,0.00802,0.00802,0.00802
62,1104.79,0.32585,0.08429,0.05252,0.22736,0.92562,0.99975,1,0.995,0.99395,0.99319,0.99344,0.9939,0.99298,0.21071,0.07805,0.01392,0.13729,0.81413,0.007987,0.007987,0.007987
63,1110.88,0.33195,0.09734,0.05535,0.22782,0.92846,0.99981,1,0.995,0.99352,0.99326,0.99344,0.99257,0.99257,0.19078,0.07596,0.01762,0.13121,0.81071,0.007954,0.007954,0.007954
64,1117,0.33404,0.1153,0.06067,0.23272,0.92745,0.99981,1,0.995,0.99195,0.99326,0.99344,0.99084,0.99033,0.20219,0.07889,0.01504,0.14017,0.81154,0.007921,0.007921,0.007921
65,1123.04,0.33106,0.09078,0.05955,0.23349,0.92549,0.99964,1,0.995,0.99151,0.99309,0.99344,0.99199,0.99198,0.19654,0.07718,0.01177,0.1352,0.8107,0.007888,0.007888,0.007888
66,1129.08,0.33108,0.08886,0.05273,0.22757,0.93004,0.99982,1,0.995,0.99192,0.99326,0.99344,0.99119,0.99062,0.19257,0.07864,0.00443,0.13981,0.81093,0.007855,0.007855,0.007855
67,1135.03,0.32269,0.09098,0.05482,0.22585,0.92418,0.99982,1,0.995,0.99311,0.99327,0.99344,0.99209,0.99167,0.20239,0.07831,0.00986,0.13408,0.8119,0.007822,0.007822,0.007822
68,1140.98,0.32296,0.08562,0.05188,0.22359,0.9221,0.99982,1,0.995,0.99191,0.99326,0.99344,0.98989,0.98963,0.19903,0.07482,0.00379,0.13562,0.80927,0.007789,0.007789,0.007789
69,1147.04,0.32129,0.08327,0.04999,0.22096,0.92343,0.99982,1,0.995,0.99217,0.99326,0.99344,0.99297,0.99297,0.19605,0.07516,0.01046,0.1316,0.80991,0.007756,0.007756,0.007756
70,1153.21,0.31505,0.08527,0.05319,0.21985,0.92101,0.99973,1,0.995,0.99254,0.99317,0.99344,0.99193,0.99193,0.21102,0.07607,0.00721,0.13497,0.81065,0.007723,0.007723,0.007723
71,1159.38,0.31693,0.08127,0.05179,0.22422,0.92271,0.99981,1,0.995,0.99143,0.99325,0.99344,0.994,0.994,0.20371,0.07514,0.00452,0.13056,0.81016,0.00769,0.00769,0.00769
72,1165.53,0.31499,0.07649,0.04464,0.21791,0.9193,0.99982,1,0.995,0.99277,0.99326,0.99344,0.99297,0.99297,0.18918,0.07607,0.00505,0.13191,0.80757,0.007657,0.007657,0.007657
73,1171.84,0.31489,0.08765,0.06001,0.21794,0.92262,0.9998,1,0.995,0.99282,0.99325,0.99344,0.99151,0.99122,0.17956,0.07586,0.00826,0.13175,0.80682,0.007624,0.007624,0.007624
74,1178.19,0.32012,0.07279,0.04398,0.22472,0.92278,0.99982,1,0.995,0.99384,0.99326,0.99344,0.99372,0.99372,0.18041,0.07399,0.00705,0.12427,0.80668,0.007591,0.007591,0.007591
75,1184.36,0.31608,0.08075,0.04082,0.21861,0.91995,0.99982,1,0.995,0.99256,0.99327,0.99344,0.99257,0.99257,0.17534,0.07045,0.00526,0.12088,0.80636,0.007558,0.007558,0.007558
76,1190.68,0.31054,0.09727,0.0498,0.21189,0.91753,0.99982,1,0.995,0.99295,0.99326,0.99344,0.99319,0.99319,0.18226,0.07153,0.00692,0.12361,0.80776,0.007525,0.007525,0.007525
77,1196.77,0.31871,0.08556,0.05144,0.22059,0.92452,0.99981,1,0.995,0.99492,0.99326,0.99344,0.99321,0.99321,0.18721,0.07203,0.00617,0.12654,0.80794,0.007492,0.007492,0.007492
78,1203.17,0.31519,0.08382,0.04502,0.21497,0.91924,0.99982,1,0.995,0.98939,0.99326,0.99344,0.9925,0.99249,0.19666,0.07291,0.00424,0.13147,0.80885,0.007459,0.007459,0.007459
79,1209.48,0.31084,0.07023,0.04867,0.21542,0.91967,0.99982,1,0.995,0.99376,0.99326,0.99344,0.99297,0.99296,0.17716,0.07348,0.00346,0.12909,0.80646,0.007426,0.007426,0.007426
80,1215.49,0.30688,0.08714,0.05424,0.21244,0.92268,0.99982,1,0.995,0.99426,0.99326,0.99344,0.99433,0.99433,0.18991,0.07187,0.00438,0.12809,0.80784,0.007393,0.007393,0.007393
81,1221.59,0.31357,0.07994,0.05097,0.21588,0.92061,0.99981,1,0.995,0.99473,0.99325,0.99344,0.99457,0.99457,0.18606,0.07661,0.00561,0.13648,0.80764,0.00736,0.00736,0.00736
82,1227.79,0.30985,0.07682,0.05362,0.21449,0.9192,0.99982,1,0.995,0.99499,0.99326,0.99344,0.98886,0.98844,0.17127,0.07568,0.00509,0.12385,0.80508,0.007327,0.007327,0.007327
83,1234.32,0.30747,0.09633,0.04541,0.21335,0.91841,0.99982,1,0.995,0.995,0.99326,0.99344,0.99358,0.99358,0.17257,0.07242,0.0088,0.12215,0.80542,0.007294,0.007294,0.007294
84,1240.7,0.29863,0.07253,0.04824,0.20859,0.91899,0.99981,1,0.995,0.99304,0.99326,0.99344,0.99292,0.99241,0.19306,0.07202,0.00694,0.13384,0.80858,0.007261,0.007261,0.007261
85,1246.82,0.29886,0.07952,0.05029,0.21019,0.91799,0.99982,1,0.995,0.99404,0.99326,0.99344,0.99426,0.99393,0.18808,0.0718,0.00565,0.13095,0.80805,0.007228,0.007228,0.007228
86,1252.77,0.30154,0.07897,0.05238,0.20948,0.91636,0.99982,1,0.995,0.99288,0.99326,0.99344,0.99453,0.99408,0.17668,0.07236,0.00524,0.12827,0.80704,0.007195,0.007195,0.007195
87,1258.81,0.30587,0.0766,0.05362,0.20868,0.91784,0.99981,1,0.995,0.99495,0.99326,0.99344,0.99377,0.99376,0.17377,0.07235,0.00832,0.11905,0.80596,0.007162,0.007162,0.007162
88,1264.83,0.2968,0.07206,0.04344,0.2066,0.91653,0.99982,1,0.995,0.99483,0.99326,0.99344,0.99393,0.99393,0.16761,0.07147,0.00524,0.11343,0.80576,0.007129,0.007129,0.007129
89,1271.05,0.29957,0.07218,0.04598,0.20602,0.91188,0.99982,1,0.995,0.99333,0.99326,0.99344,0.99294,0.99294,0.17779,0.06845,0.00551,0.12514,0.80652,0.007096,0.007096,0.007096
90,1277.08,0.29833,0.07054,0.0452,0.20601,0.91519,0.99981,1,0.995,0.99313,0.99325,0.99344,0.9932,0.9932,0.18519,0.07007,0.00463,0.13262,0.80852,0.007063,0.007063,0.007063
91,1283.05,0.29844,0.07746,0.04561,0.20499,0.91632,0.9998,1,0.995,0.98821,0.99325,0.99344,0.99283,0.99283,0.20659,0.06997,0.00303,0.13468,0.8122,0.00703,0.00703,0.00703
92,1289,0.29076,0.07703,0.04033,0.20683,0.91516,0.99977,1,0.995,0.99131,0.99322,0.99344,0.99416,0.99416,0.20041,0.07226,0.00148,0.12503,0.81068,0.006997,0.006997,0.006997
93,1294.95,0.29381,0.06958,0.04331,0.20574,0.91321,0.99976,1,0.995,0.995,0.9932,0.99344,0.99264,0.99264,0.17142,0.07043,0.00504,0.11624,0.80617,0.006964,0.006964,0.006964
94,1300.97,0.29231,0.07438,0.04375,0.20427,0.91644,0.99981,1,0.995,0.99467,0.99325,0.99344,0.99081,0.99081,0.19097,0.06941,0.00202,0.12259,0.80758,0.006931,0.006931,0.006931
95,1306.92,0.28751,0.07232,0.04684,0.20157,0.91139,0.99982,1,0.995,0.99434,0.99326,0.99344,0.99239,0.99235,0.17293,0.07227,0.00227,0.12257,0.80619,0.006898,0.006898,0.006898
96,1312.85,0.28938,0.07735,0.04844,0.19987,0.91404,0.99982,1,0.995,0.99435,0.99326,0.99344,0.9947,0.9947,0.17521,0.06947,0.00996,0.11629,0.80654,0.006865,0.006865,0.006865
97,1318.8,0.28431,0.08837,0.05323,0.1983,0.91465,0.99982,1,0.995,0.99253,0.99327,0.99344,0.99444,0.99444,0.17179,0.07044,0.00315,0.12078,0.80649,0.006832,0.006832,0.006832
98,1324.81,0.29291,0.07853,0.04621,0.20567,0.91579,0.99982,1,0.995,0.99483,0.99326,0.99344,0.99243,0.99243,0.1691,0.06989,0.00887,0.12321,0.8044,0.006799,0.006799,0.006799
99,1330.75,0.28168,0.07065,0.04474,0.19886,0.91536,0.99982,1,0.995,0.99433,0.99327,0.99344,0.99158,0.99158,0.17281,0.07312,0.00226,0.12066,0.80568,0.006766,0.006766,0.006766
100,1336.72,0.29723,0.07948,0.04807,0.20405,0.91605,0.99982,1,0.995,0.995,0.99327,0.99344,0.99316,0.99316,0.17666,0.06992,0.01012,0.1179,0.80561,0.006733,0.006733,0.006733
101,1342.67,0.29363,0.07361,0.05072,0.20292,0.91719,0.9998,1,0.995,0.99473,0.99325,0.99344,0.99381,0.99343,0.16137,0.06971,0.00569,0.11907,0.8038,0.0067,0.0067,0.0067
102,1348.6,0.28323,0.06729,0.046,0.19671,0.91304,0.99979,1,0.995,0.99497,0.99324,0.99344,0.98982,0.98982,0.1639,0.06913,0.00409,0.11723,0.80385,0.006667,0.006667,0.006667
103,1354.59,0.27942,0.07758,0.04841,0.19824,0.9102,0.99982,1,0.995,0.99495,0.99327,0.99344,0.99383,0.99383,0.16487,0.07026,0.00455,0.12887,0.80474,0.006634,0.006634,0.006634
104,1360.47,0.27904,0.07088,0.04352,0.19437,0.91201,0.9998,1,0.995,0.99496,0.99324,0.99344,0.99204,0.99204,0.16199,0.07059,0.00789,0.11563,0.80418,0.006601,0.006601,0.006601
105,1366.37,0.27966,0.07879,0.04974,0.19683,0.91428,0.99982,1,0.995,0.995,0.99326,0.99344,0.99089,0.99089,0.17127,0.0689,0.00564,0.11412,0.80448,0.006568,0.006568,0.006568
106,1372.27,0.28602,0.07945,0.04477,0.20036,0.91312,0.99982,1,0.995,0.99046,0.99327,0.99344,0.99095,0.99072,0.18767,0.06382,0.00671,0.12105,0.80737,0.006535,0.006535,0.006535
107,1378.19,0.27975,0.05947,0.04559,0.1983,0.90968,0.99982,1,0.995,0.99467,0.99326,0.99344,0.99305,0.99305,0.17028,0.06886,0.00324,0.11338,0.80544,0.006502,0.006502,0.006502
108,1384.31,0.27867,0.06876,0.04636,0.19144,0.91205,0.99982,1,0.995,0.99295,0.99327,0.99344,0.99314,0.99314,0.17454,0.06795,0.00945,0.1135,0.80588,0.006469,0.006469,0.006469
109,1390.5,0.27933,0.06237,0.0424,0.19787,0.91067,0.99982,1,0.995,0.9938,0.99327,0.99344,0.99135,0.99135,0.16814,0.06717,0.0046,0.11598,0.80446,0.006436,0.006436,0.006436
110,1396.42,0.27934,0.06352,0.049,0.19358,0.91283,0.99981,1,0.995,0.99474,0.99325,0.99344,0.98962,0.98962,0.16832,0.06895,0.00688,0.11632,0.80474,0.006403,0.006403,0.006403
111,1402.32,0.27624,0.06486,0.04154,0.19296,0.91122,0.9998,1,0.995,0.99452,0.99324,0.99344,0.9889,0.9889,0.15828,0.06937,0.00464,0.11433,0.80309,0.00637,0.00637,0.00637
112,1408.19,0.28062,0.05995,0.04736,0.19706,0.91078,0.99982,1,0.995,0.99479,0.99327,0.99344,0.9887,0.9887,0.16755,0.06722,0.00802,0.11546,0.80476,0.006337,0.006337,0.006337
113,1414.14,0.27844,0.06005,0.03942,0.19534,0.9088,0.99982,1,0.995,0.99499,0.99326,0.99344,0.99067,0.99067,0.16798,0.06776,0.00262,0.11341,0.80344,0.006304,0.006304,0.006304
114,1420.05,0.27473,0.07891,0.04131,0.19372,0.91201,0.99979,1,0.995,0.995,0.99324,0.99344,0.99038,0.99038,0.16133,0.06833,0.00129,0.11644,0.80286,0.006271,0.006271,0.006271
115,1425.96,0.2771,0.06141,0.04185,0.19189,0.90996,0.99981,1,0.995,0.99476,0.99325,0.99344,0.98989,0.98989,0.16091,0.06865,0.00229,0.11012,0.80289,0.006238,0.006238,0.006238
116,1431.83,0.2778,0.06769,0.04472,0.19371,0.91095,0.99981,1,0.995,0.995,0.99326,0.99344,0.9927,0.9927,0.15903,0.06705,0.00589,0.10582,0.80304,0.006205,0.006205,0.006205
117,1437.78,0.27231,0.07595,0.0448,0.19086,0.91001,0.99982,1,0.995,0.99493,0.99326,0.99344,0.99122,0.9909,0.16384,0.06722,0.00292,0.10895,0.80387,0.006172,0.006172,0.006172
118,1443.67,0.27731,0.0592,0.03712,0.18993,0.90697,0.99982,1,0.995,0.995,0.99327,0.99344,0.9925,0.9925,0.14924,0.06805,0.0028,0.10425,0.80153,0.006139,0.006139,0.006139
119,1449.56,0.27558,0.06183,0.04206,0.18938,0.90946,0.99982,1,0.995,0.99499,0.99326,0.99344,0.98948,0.98948,0.14919,0.06742,0.00449,0.10842,0.80183,0.006106,0.006106,0.006106
120,1455.46,0.27605,0.05523,0.04125,0.18918,0.91483,0.99981,1,0.995,0.99499,0.99326,0.99344,0.99014,0.99014,0.15901,0.06813,0.00658,0.10613,0.80333,0.006073,0.006073,0.006073
121,1461.32,0.2736,0.06295,0.04232,0.18768,0.90906,0.99982,1,0.995,0.99332,0.99326,0.99344,0.98864,0.98864,0.17023,0.06475,0.00498,0.1099,0.8041,0.00604,0.00604,0.00604
122,1467.29,0.27253,0.05437,0.04019,0.18759,0.90944,0.99982,1,0.995,0.99475,0.99327,0.99344,0.98897,0.98897,0.15585,0.06772,0.00283,0.1066,0.80321,0.006007,0.006007,0.006007
123,1473.21,0.27255,0.05684,0.03725,0.19054,0.90822,0.99982,1,0.995,0.99491,0.99326,0.99344,0.991,0.991,0.1532,0.06627,0.00293,0.10817,0.80249,0.005974,0.005974,0.005974
124,1479.11,0.27049,0.07504,0.0484,0.18807,0.90856,0.99982,1,0.995,0.995,0.99326,0.99344,0.99266,0.99266,0.16317,0.0683,0.00307,0.10643,0.80433,0.005941,0.005941,0.005941
125,1484.99,0.26473,0.06551,0.04565,0.185,0.90912,0.99982,1,0.995,0.99487,0.99327,0.99344,0.9916,0.9916,0.16027,0.06884,0.00489,0.10829,0.80354,0.005908,0.005908,0.005908
126,1490.89,0.26708,0.06107,0.04678,0.19011,0.91064,0.99982,1,0.995,0.99483,0.99327,0.99344,0.99361,0.99361,0.15236,0.06852,0.00211,0.10444,0.80186,0.005875,0.005875,0.005875
127,1496.85,0.26218,0.06419,0.04462,0.18504,0.91106,0.99982,1,0.995,0.995,0.99327,0.99344,0.99212,0.99198,0.15035,0.06588,0.00357,0.10469,0.80182,0.005842,0.005842,0.005842
128,1502.73,0.26043,0.06354,0.03744,0.18164,0.90692,0.99981,1,0.995,0.995,0.99326,0.99344,0.99201,0.99201,0.14848,0.06599,0.00716,0.10074,0.80135,0.005809,0.005809,0.005809
129,1508.6,0.26843,0.05496,0.03969,0.18389,0.90803,0.99982,1,0.995,0.99483,0.99326,0.99344,0.99406,0.99406,0.16201,0.06631,0.01019,0.10879,0.80306,0.005776,0.005776,0.005776
130,1514.52,0.26419,0.05389,0.0397,0.18483,0.91011,0.99982,1,0.995,0.99451,0.99326,0.99344,0.99392,0.99392,0.15598,0.06671,0.00516,0.10752,0.80209,0.005743,0.005743,0.005743
131,1520.47,0.26191,0.06909,0.04588,0.18268,0.90523,0.99981,1,0.995,0.99486,0.99326,0.99344,0.99293,0.99293,0.15475,0.06454,0.00571,0.10597,0.80186,0.00571,0.00571,0.00571
